[{"id":"6282367701043@s.whatsapp.net","balance":9},{"id":"14127915436@s.whatsapp.net","balance":21},{"id":"6281807389671@s.whatsapp.net","balance":19},{"id":"6281227961957@s.whatsapp.net","balance":846},{"id":"6283178357203@s.whatsapp.net","balance":48},{"id":"6288233196913@s.whatsapp.net","balance":13},{"id":"62881026844153@s.whatsapp.net","balance":51},{"id":"6285895190342@s.whatsapp.net","balance":158},{"id":"6281549133831@s.whatsapp.net","balance":95},{"id":"6281393625527@s.whatsapp.net","balance":11},{"id":"6289517824056@s.whatsapp.net","balance":119},{"id":"628993428128@s.whatsapp.net","balance":140},{"id":"6281357490329@s.whatsapp.net","balance":62},{"id":"6282287881949@s.whatsapp.net","balance":14},{"id":"62831368242241@s.whatsapp.net","balance":31},{"id":"6287838551620@s.whatsapp.net","balance":37},{"id":"6289697128280@s.whatsapp.net","balance":194},{"id":"62882005991227@s.whatsapp.net","balance":97},{"id":"62895411660679@s.whatsapp.net","balance":66},{"id":"6281649175378@s.whatsapp.net","balance":11},{"id":"6287743444636@s.whatsapp.net","balance":5},{"id":"6288806284095@s.whatsapp.net","balance":19},{"id":"","balance":300},{"id":"6281220670449@s.whatsapp.net","balance":194},{"id":"380944323549@s.whatsapp.net","balance":190},{"id":"6289646706074@s.whatsapp.net","balance":171},{"id":"6285156961709@s.whatsapp.net","balance":176},{"id":"628882611841@s.whatsapp.net","balance":74},{"id":"6289652903288@s.whatsapp.net","balance":3},{"id":"6282184091895@s.whatsapp.net","balance":10},{"id":"6287857762375@s.whatsapp.net","balance":20},{"id":"6282192242218@s.whatsapp.net","balance":16},{"id":"6283171186675@s.whatsapp.net","balance":10},{"id":"6285930321994@s.whatsapp.net","balance":55},{"id":"6282313016447@s.whatsapp.net","balance":33},{"id":"6282191468459@s.whatsapp.net","balance":32},{"id":"62882005670311@s.whatsapp.net","balance":23},{"id":"6289504585790@s.whatsapp.net","balance":78},{"id":"6281338095011@s.whatsapp.net","balance":55},{"id":"6287880496725@s.whatsapp.net","balance":93},{"id":"6285791458996@s.whatsapp.net","balance":20},{"id":"6285714303430@s.whatsapp.net","balance":62},{"id":"62896529032880@s.whatsapp.net","balance":13},{"id":"6282246670272@s.whatsapp.net","balance":15},{"id":"6282233486524@s.whatsapp.net","balance":8},{"id":"6282125335144@s.whatsapp.net","balance":14},{"id":"6289503440332@s.whatsapp.net","balance":13},{"id":"60149617537@s.whatsapp.net","balance":8},{"id":"628871746203@s.whatsapp.net","balance":30},{"id":"6282257602284@s.whatsapp.net","balance":8},{"id":"6283893885771@s.whatsapp.net","balance":85},{"id":"6287841055787@s.whatsapp.net","balance":82},{"id":"6285693924609@s.whatsapp.net","balance":13},{"id":"6285226629295@s.whatsapp.net","balance":16},{"id":"6289525641549@s.whatsapp.net","balance":32},{"id":"62812572779342@s.whatsapp.net","balance":41},{"id":"6285696264805@s.whatsapp.net","balance":2},{"id":"6281515589573@s.whatsapp.net","balance":8},{"id":"6289618592693@s.whatsapp.net","balance":23},{"id":"6285815700875@s.whatsapp.net","balance":63},{"id":"6282251303644@s.whatsapp.net","balance":8},{"id":"6287705048235@s.whatsapp.net","balance":28},{"id":"6283865419169@s.whatsapp.net","balance":42},{"id":"6281224263426@s.whatsapp.net","balance":5},{"id":"6283194799430@s.whatsapp.net","balance":68}]