[{"id":"6281227961957@s.whatsapp.net","xp":1507,"level":1},{"id":"14127915436@s.whatsapp.net","xp":0,"level":0},{"id":"6285895190342@s.whatsapp.net","xp":103,"level":1},{"id":"6281549133831@s.whatsapp.net","xp":219,"level":1},{"id":"6289517824056@s.whatsapp.net","xp":58,"level":1},{"id":"628993428128@s.whatsapp.net","xp":215,"level":1},{"id":"6281357490329@s.whatsapp.net","xp":223,"level":1},{"id":"6283134121999@s.whatsapp.net","xp":0,"level":0},{"id":"6287838551620@s.whatsapp.net","xp":805,"level":1},{"id":"6289697128280@s.whatsapp.net","xp":111,"level":1},{"id":"62882005991227@s.whatsapp.net","xp":1750,"level":1},{"id":"62895411660679@s.whatsapp.net","xp":942,"level":1},{"id":"","xp":767,"level":1},{"id":"6289646706074@s.whatsapp.net","xp":58,"level":1},{"id":"6285156961709@s.whatsapp.net","xp":823,"level":1},{"id":"628882611841@s.whatsapp.net","xp":167,"level":1},{"id":"6285930321994@s.whatsapp.net","xp":379,"level":1},{"id":"6282191468459@s.whatsapp.net","xp":0,"level":0},{"id":"6287880496725@s.whatsapp.net","xp":106,"level":1},{"id":"6289503440332@s.whatsapp.net","xp":0,"level":0},{"id":"6283893885771@s.whatsapp.net","xp":160,"level":1},{"id":"60149617537@s.whatsapp.net","xp":0,"level":0},{"id":"6287841055787@s.whatsapp.net","xp":0,"level":0},{"id":"6289525641549@s.whatsapp.net","xp":163,"level":1},{"id":"6281338095011@s.whatsapp.net","xp":225,"level":1},{"id":"6281515589573@s.whatsapp.net","xp":0,"level":0},{"id":"6287838567931@s.whatsapp.net","xp":0,"level":0},{"id":"6282251303644@s.whatsapp.net","xp":0,"level":0},{"id":"6285815700875@s.whatsapp.net","xp":873,"level":1}]