[{"id":"6281227961957@s.whatsapp.net","name":"Slamet Safi'i","age":"20","time":"20:52:55","serial":"222cbd2208"},{"id":"14127915436@s.whatsapp.net","name":"Sahro","age":"20","time":"21:06:15","serial":"7b3fce5134"},{"id":"6285895190342@s.whatsapp.net","name":"Bacot Kaa","age":"20","time":"21:12:32","serial":"9764013d4a"},{"id":"6281549133831@s.whatsapp.net","name":"The Lounge","age":"20","time":"21:14:47","serial":"d2e8cb91c4"},{"id":"6289517824056@s.whatsapp.net","name":"Alpha Design","age":"20","time":"21:26:53","serial":"3f647fc473"},{"id":"628993428128@s.whatsapp.net","name":"Muhammad Furqon","age":"20","time":"21:30:49","serial":"9086688691"},{"id":"6281357490329@s.whatsapp.net","name":"Feri Botz","age":"20","time":"21:33:26","serial":"86c6f043bb"},{"id":"6283134121999@s.whatsapp.net","name":"ARIL","age":"20","time":"21:35:42","serial":"2810156a46"},{"id":"6287838551620@s.whatsapp.net","name":"Its Me Not Found 406","age":"20","time":"06:15:52","serial":"9436c26deb"},{"id":"6289697128280@s.whatsapp.net","name":"-","age":"20","time":"06:22:18","serial":"bb5cc64ce0"},{"id":"62882005991227@s.whatsapp.net","name":"ᶠYͧoͨᵏu⁩","age":"20","time":"06:34:45","serial":"eb413bcd50"},{"id":"62895411660679@s.whatsapp.net","name":"BOT SETA GANZ","age":"20","time":"06:42:38","serial":"c7c33030fb"},{"id":"","name":"BOT","age":"20","time":"07:42:49","serial":"907addae47"},{"id":"6289646706074@s.whatsapp.net","name":"@𝕟𝕕𝕚×𝔹 𓂀","age":"20","time":"08:01:34","serial":"62dc16482b"},{"id":"6285156961709@s.whatsapp.net","name":"-","age":"20","time":"08:01:45","serial":"dd2b3f121a"},{"id":"628882611841@s.whatsapp.net","name":"XsvsH","age":"20","time":"08:06:35","serial":"a207ff650e"},{"id":"6285930321994@s.whatsapp.net","name":"Anak Mami","age":"20","time":"08:26:58","serial":"45782e1c8a"},{"id":"6282191468459@s.whatsapp.net","name":"Whyyyyyyy🦅","age":"20","time":"08:29:39","serial":"713b22bfe6"},{"id":"6287880496725@s.whatsapp.net","name":"Anak FF","age":"20","time":"08:37:33","serial":"3679563e0a"},{"id":"6289503440332@s.whatsapp.net","name":"Kanzaki★Ryu","age":"20","time":"09:10:25","serial":"65637a05af"},{"id":"6283893885771@s.whatsapp.net","name":"mailXD","age":"20","time":"10:55:32","serial":"8ead1965e6"},{"id":"60149617537@s.whatsapp.net","name":":F","age":"20","time":"11:00:19","serial":"496dcb045e"},{"id":"6287841055787@s.whatsapp.net","name":"M.Dhafindra","age":"20","time":"11:10:35","serial":"373c9f161b"},{"id":"6289525641549@s.whatsapp.net","name":"-","age":"20","time":"11:10:41","serial":"5980638ab7"},{"id":"6281338095011@s.whatsapp.net","name":"SharpBot","age":"20","time":"11:10:52","serial":"b8c04ead73"},{"id":"6281515589573@s.whatsapp.net","name":"ɪᴛs ᴍᴇ ʀᴀᴍᴀ","age":"20","time":"11:16:48","serial":"54e0a4fb2f"},{"id":"6287838567931@s.whatsapp.net","name":"͏͏͏͏͏͏͏͏͏͏͏͏͏͏͏͏͏͏͏͏͏͏͏͏͏","age":"20","time":"11:18:12","serial":"5ea889d8a4"},{"id":"6282251303644@s.whatsapp.net","name":"......","age":"20","time":"11:36:23","serial":"27d867a9e9"},{"id":"6285815700875@s.whatsapp.net","name":"🖥️</>The Wibu〽️","age":"20","time":"11:40:01","serial":"8f9e78d297"}]